0.0078125,-0.019531,-0.96094,0.00027924,-0.0034906,-0.0091453
0.0039062,-0.023438,-0.95703,0.0020245,-0.0038396,-0.0090056
0.0078125,-0.023438,-0.96094,0.0027924,-0.0045377,-0.0082377
0.0039062,-0.015625,-0.96094,0.002583,-0.0076094,-0.0090056
0.99609,-0.015625,-0.96094,-0.00027924,-0.0048868,-0.0090056
0,-0.0039062,-0.96875,0.0035604,-0.0011868,-0.0086566
0.0039062,-0.015625,-0.95703,0.0026528,-0.0017453,-0.0079585
0,-0.019531,-0.96484,-0.00055849,-0.0020245,-0.007749
0,-0.019531,-0.96094,-0.00076792,-0.0060038,-0.0078887
0.0039062,-0.03125,-0.93359,-0.0017453,-0.0045377,-0.010611
0,-0.015625,-0.96094,-0.00048868,-0.0050264,-0.010472
0,-0.023438,-0.95703,0.00020943,-0.0026528,-0.01117
0.0078125,-0.023438,-0.96094,0,-0.0033509,-0.0098434
0.0039062,-0.023438,-0.96094,0.0025132,-0.0071207,-0.0078188
0,-0.019531,-0.95703,0,-0.005166,-0.0094245
0.99219,-0.011719,-0.95703,0.00097736,-0.0052358,-0.0057943
-0.0039062,-0.019531,-0.95312,-0.00041887,-0.0057245,-0.0047472
0,-0.0078125,-0.93359,-0.00027924,-0.0028623,-0.0093547
0.0039062,-0.98828,-0.97656,0.00097736,-0.002234,-0.01096
0,-0.0039062,-0.96875,-0.0006283,-0.00097736,-0.011449
0.0039062,-0.023438,-0.96875,-0.01466,-0.0018151,-0.010472
0,-0.015625,-0.94922,0.0010472,-0.0034906,-0.0082377
0.0039062,-0.023438,-0.94922,0.002583,-0.0050264,-0.0079585
0,-0.019531,-0.96875,0.0036302,-0.0048868,-0.0093547
0,-0.019531,-0.95312,0.0042585,-0.0064924,-0.010891
0,-0.027344,-0.96094,0.005166,-0.0069811,-0.010681
0,-0.019531,-0.96094,0.00013962,-0.0075396,-0.0099132
0.0039062,-0.023438,-0.96875,0.00027924,-0.0057943,-0.0086566
0.0039062,-0.019531,-0.96094,0.012008,0.0028623,-0.0090754
0.0039062,-0.019531,-0.96094,0.012496,0.0018849,-0.0093547
0.0039062,-0.023438,-0.95312,0.011868,-0.00083773,-0.008517
0,-0.023438,-0.96094,0.013474,-0.0066321,-0.059549
0.011719,-0.023438,-0.96094,0.0333,-0.0072604,-0.045238
0.0078125,-0.027344,-0.94531,0.017243,-0.0071207,-0.024992
0.015625,-0.042969,-0.95312,0.019757,-0.0060038,-0.019477
0.0039062,-0.03125,-0.95312,0.019477,-0.0057943,-0.017941
0,-0.03125,-0.96875,0.030577,-0.0032811,0.0037698
0,-0.035156,-0.97656,0.06283,-0.0085868,-0.0032811
0.023438,-0.03125,-0.95703,0.082447,-0.0087264,-0.018989
-0.0078125,-0.11719,-0.92578,0.40449,-0.031624,0.11079
-0.0039062,-0.078125,-0.98047,0.29956,-0.049496,0.070858
0.99219,-0.097656,-0.9375,0.29509,-0.050334,0.061085
-0.98047,-0.13672,-0.91797,0.30759,-0.033858,0.07749
-0.0039062,-0.18359,-0.92578,0.20308,0.018779,0.02213
-0.03125,-0.17578,-0.9375,0.18193,0.0069113,0.022828
-0.0039062,-0.16797,-0.94531,0.16112,-0.0050962,0.015847
-0.011719,-0.22266,-0.92578,0.23087,0.038675,0.032741
-0.011719,-0.23047,-0.88281,0.17927,0.0083773,0.068205
-0.0078125,-0.19531,-0.98047,0.099202,-0.13704,0.19121
-0.035156,-0.26172,-0.96094,0.10925,-0.1251,0.25481
-0.085938,-0.28516,-0.91016,0.14646,-0.083913,0.25537
-0.070312,-0.25,-0.92969,0.17299,-0.033998,0.06653
-0.058594,-0.23047,-0.94141,0.19945,-0.046075,0.10702
-0.039062,-0.37891,-0.019531,0.14381,-0.065204,0.11295
0.054688,-0.15625,-0.99609,-0.19477,0.38752,-0.24413
-0.019531,-0.1875,-0.82422,-0.24636,0.42292,-0.22849
-0.058594,-0.19531,-0.78125,-0.1642,0.25802,-0.13369
0.0039062,-0.20312,-0.84766,0.093058,-0.11072,0.15701
0.039062,-0.1875,-0.94922,0.17062,-0.19819,0.20608
0.039062,-0.20703,-0.96875,0.19394,-0.20671,0.1975
0.023438,-0.20312,-0.98828,0.17027,-0.15652,0.19184
-0.0039062,-0.24609,-1.0664,0.09997,-0.022549,0.15924
0.023438,-0.25,-1.0117,0.037838,0.10018,0.12859
0.035156,-0.3125,-0.99219,-0.027645,0.19051,0.089079
0,-0.27734,-0.98828,-0.074139,0.23212,-0.089707
0.0078125,-0.23828,-0.89844,-0.079305,0.22786,-0.14179
0.015625,-0.19922,-0.875,-0.10472,0.12789,-0.14765
0.023438,-0.21875,-0.84375,-0.02213,-0.0078188,-0.075047
0.015625,-0.19531,-0.87109,0.034207,-0.047821,-0.064296
0.027344,-0.23438,-1.0195,0.13397,-0.15261,-0.0006283
0.011719,-0.25,-1.043,0.16427,-0.098713,-0.00055849
-0.0078125,-0.25391,-0.96875,0.097247,-0.0011868,-0.055919
0,-0.23438,-0.99219,0.036441,0.0046773,-0.054802
-0.015625,-0.29688,-0.77344,0.021641,0.0555,-0.047402
0.0078125,-0.19531,-0.83203,0.3122,0.18591,0.054034
0.015625,-0.28516,-0.79688,0.49063,0.13571,0.067926
0.99609,-0.30469,-0.90625,0.5092,-0.025272,0.04419
-0.011719,-0.28516,-0.90234,0.56149,-0.13557,0.053196
0.0078125,-0.29297,-1,0.46082,-0.21565,0.094175
0.019531,-0.35547,-1.0195,0.40316,-0.10171,0.073371
0.0039062,-0.33594,-0.93359,0.29677,0.072673,-0.045238
0.0039062,-0.32812,-0.92188,0.2953,0.079585,-0.081609
-0.019531,-0.33203,-0.86328,0.29837,0.061085,-0.075745
-0.0078125,-0.33203,-0.86328,0.27729,0.025411,-0.046145
0.011719,-0.35547,-0.86719,0.26109,0.00041887,-0.015987
0.0078125,-0.33984,-0.93359,0.27136,-0.0011868,-0.034906
-0.0039062,-0.34766,-0.91016,0.24511,0.037838,-0.0030019
0,-0.375,-0.85156,0.19394,-0.0031415,0.092639
-0.0078125,-0.42578,-0.90234,0.21125,-0.052917,0.10465
0.0039062,-0.40234,-0.93359,0.26158,-0.04789,0.08147
0.0078125,-0.41016,-0.89453,0.31422,-0.015987,0.04056
-0.011719,-0.42578,-0.85156,0.36651,-0.0047472,0.052219
0.0039062,-0.41797,-0.91016,0.43066,-0.087473,0.062132
0,-0.46484,-0.039062,0.47835,-0.17907,0.055849
0.015625,-0.42578,-0.91016,0.54104,0.0013962,-0.052498
0.019531,-0.40625,-0.83984,0.53063,0.15435,-0.038606
0.011719,-0.43359,-0.82422,0.50676,0.2308,-0.024923
0.011719,-0.42188,-0.79688,0.43325,0.20022,-0.027226
0.027344,-0.45312,-0.89453,0.41133,0.058222,0.0035604
0.035156,-0.58984,-0.94141,0.41293,-0.057036,0.098713
-0.03125,-0.59375,-0.84766,0.42676,-0.027715,0.11994
-0.050781,-0.51172,-0.78906,0.49768,0.074558,0.014311
-0.046875,-0.53516,-0.83594,0.4877,0.016894,0.055221
0.023438,-0.55469,-0.89453,0.46815,-0.066041,0.074838
0.035156,-0.62109,-0.89062,0.46013,-0.033509,0.041817
0.015625,-0.60547,-0.83594,0.49615,0.14479,-0.063598
0.011719,-0.53906,-0.76562,0.54006,0.18046,-0.13355
-0.015625,-0.57422,-0.75,0.57859,0.14884,-0.14004
0.027344,-0.57422,-0.75391,0.50948,0.058013,-0.11868
0.046875,-0.60547,-0.76953,0.48868,0.036721,-0.088032
0.035156,-0.63672,-0.77344,0.51046,0.052847,-0.10004
0.039062,-0.57422,-0.76172,0.54774,0.074279,-0.14604
0.03125,-0.60938,-0.75781,0.56603,0.0085868,-0.13557
0.039062,-0.64453,-0.78125,0.53001,-0.0016755,-0.096828
0.03125,-0.69141,-0.75781,0.48931,0.073441,-0.08859
0.042969,-0.64844,-0.74609,0.48414,0.13376,-0.12182
0.0625,-0.625,-0.69922,0.4974,0.17571,-0.13083
0.066406,-0.63672,-0.67578,0.51981,0.1473,-0.052358
0.015625,-0.73828,-0.67578,0.54676,0.12482,-0.011868
0.089844,-0.73047,-0.67969,0.58376,0.056826,0.005166
0.10547,-0.69141,-0.72266,0.62306,-0.027366,0.016894
0.054688,-0.72656,-0.66797,0.6075,-0.018849,0.019757
0.050781,-0.69531,-0.625,0.57706,0.00013962,-0.0065622
0.039062,-0.72656,-0.65625,0.53782,-0.0096339,0.012845
0.027344,-0.71875,-0.57812,0.47995,-0.024015,0.049356
0.066406,-0.79297,-0.60547,0.3834,-0.1103,0.090824
0.050781,-0.73828,-0.58984,0.38969,-0.1376,0.090126
0.027344,-0.73047,-0.57031,0.413,-0.12741,0.11589
0,-0.75391,-0.58594,0.45314,-0.10814,0.14416
-0.011719,-0.79297,-0.57812,0.48505,-0.11924,0.1709
-0.0078125,-0.79297,-0.55859,0.49077,0.00055849,0.20511
0.019531,-0.86328,-0.61719,0.51569,0.0064924,0.21648
0.046875,-0.85156,-0.5625,0.52275,-0.018011,0.14381
0.058594,-0.86328,-0.51953,0.50592,-0.0333,0.064575
0.0039062,-0.84766,-0.51562,0.51556,-0.031764,0.022828
0,-0.78906,-0.49219,0.49154,-0.028553,0.040002
0.015625,-0.80859,-0.51562,0.51472,-0.038815,0.0814
0.042969,-0.89062,-0.5,0.55884,-0.044609,0.091034
0,-0.90625,-0.48438,0.59912,-0.050962,0.018291
0.0078125,-0.87891,-0.49609,0.59521,-0.033579,0.0074
0.015625,-0.94922,-0.46094,0.57685,-0.041468,0.071417
0.027344,-0.92188,-0.46875,0.555,-0.058292,0.063388
0.011719,-0.90234,-0.44922,0.48623,-0.004817,-0.0006283
0,-0.91797,-0.43359,0.45014,0.036023,-0.020315
0.042969,-0.91406,-0.38281,0.44288,0.022619,-0.0034207
0.03125,-0.88672,-0.42188,0.4699,0.020385,0.0097037
0.0078125,-0.90625,-0.39453,0.48903,0.019826,0.015987
0,-0.99609,-0.39062,0.49768,0.054104,0.04817
-0.0039062,-0.99219,-0.35547,0.48491,0.050124,0.0052358
0.015625,-0.90234,-0.38672,0.40777,-0.037349,-0.055151
0.011719,-0.92969,-0.37891,0.39799,-0.051939,-0.018081
0.0039062,-0.96484,-0.375,0.37886,-0.027226,-0.053406
-0.015625,-0.96875,-0.33984,0.35785,0.012775,-0.061922
0.0039062,-0.99219,-0.30859,0.28483,0.036232,-0.15338
0.039062,-0.94922,-0.30859,0.31373,-0.10444,-0.10388
0.03125,-0.96094,-0.31641,0.4299,-0.11337,-0.037349
0,-0.98438,-0.28125,0.46362,-0.074,-0.021432
0,-0.98828,-0.25391,0.4611,-0.053824,-0.046424
-1,-0.9375,-0.24219,0.4093,-0.061434,-0.073511
0.050781,-0.99219,-0.24609,0.46124,-0.087822,-0.061643
0.042969,-0.98828,-0.25391,0.49496,-0.10339,-0.079096
0.023438,-1,-0.19922,0.5048,-0.11638,-0.036441
0.011719,-0.98828,-0.21094,0.48568,-0.09229,-0.004817
0.023438,-1.0156,-0.18359,0.43443,-0.049217,-0.014172
0.011719,-1.0039,-0.17578,0.40393,-0.047472,-0.057664
0.03125,-1.0195,-0.17969,0.36099,-0.044539,-0.095153
0.019531,-0.96875,-0.13281,0.31101,-0.0039094,-0.078887
0.027344,-0.98828,-0.16016,0.28218,0.023247,-0.035185
0.03125,-1.9805,-0.13672,0.23896,0.024294,0.026877
0.046875,-0.94531,-0.12891,0.19819,-0.016824,-0.0019547
0.042969,-0.98047,-0.10156,0.18304,-0.026947,-0.0032811
0.039062,-1.0391,-0.097656,0.19107,-0.028064,-0.0034207
0.0039062,-0.97266,-0.10156,0.27324,-0.050334,-0.0518
0.046875,-1,-0.11719,0.3272,-0.039304,0.019268
0.023438,-1.0117,-0.0625,0.30165,-0.0080283,0.011589
0.0078125,-1.0508,-0.0625,0.30424,0.013194,-0.063388
0.023438,-1.0469,-0.03125,0.2863,-0.04796,-0.12454
0.019531,-1.0352,-0.0625,0.27198,-0.055011,-0.10681
0.070312,-1.0273,-0.042969,0.2613,-0.030507,-0.06269
0.085938,-1.0234,-0.0625,0.28176,-0.016266,-0.063807
0.054688,-1.0156,-0.066406,0.31631,0.011798,-0.079585
0.011719,-1.0312,0.015625,0.3219,0.024574,-0.099341
0.015625,-1.0039,-0.03125,0.29691,0.0006283,-0.11575
0.050781,-1.0039,-0.03125,0.28343,-0.02974,-0.11833
0.066406,-1.0273,-0.039062,0.30235,-0.034836,-0.11463
0.058594,-1.0469,-0.015625,0.3175,-0.031624,-0.10737
0.042969,-1.0312,-0.0078125,0.31841,-0.027855,-0.10318
0.035156,-1.0156,-0.0039062,0.25195,-0.042864,-0.029949
0.035156,-0.99609,0.019531,0.21048,-0.039583,-0.032323
0.0625,-1.0508,0.027344,0.20231,-0.01103,-0.034207
0.039062,-1,0.011719,0.12545,-0.043073,-0.0888
0.082031,-1.0039,0.035156,-0.022968,-0.026947,-0.0555
0.058594,-1,0.0039062,-0.019617,-0.02597,-0.026319
0.066406,-0.98438,0.0078125,-0.024992,-0.033719,0.0027226
0.066406,-0.98438,0.019531,-0.034766,-0.0407,0.04433
0.066406,-1.0039,0.015625,-0.020524,-0.052847,0.072115
0.070312,-0.99609,0.015625,0.0027226,-0.059549,0.076373
0.054688,-0.99219,0.011719,0.026319,-0.068624,0.075605
0.035156,-0.99609,0.03125,0.053545,-0.052289,0.082307
0.042969,-1.0391,0.042969,0.068694,-0.0067019,0.081749
0.066406,-1.0781,0.070312,0.077979,0.020175,0.023177
0.070312,-1.0625,0.027344,0.099271,-0.0027226,-0.034975
0.058594,-1.0273,0.023438,0.13257,-0.031973,-0.079445
0.042969,-1,0.042969,0.15421,-0.036023,-0.089917
0.054688,-0.99609,0.046875,0.17767,-0.053615,-0.075256
0.054688,-1.0156,0.042969,0.19254,-0.046773,-0.061992
0.050781,-1.0273,0.042969,0.20985,-0.055779,-0.09243
0.066406,-1.0117,0.039062,0.18591,-0.056826,-0.097387
0.058594,-0.98438,0.042969,0.17578,-0.039583,-0.074628
0.054688,-1.0039,0.039062,0.14018,-0.021641,-0.05536
0.0625,-1.0117,0.0625,0.086077,0.0092849,-0.037489
0.054688,-1.0078,0.042969,0.055639,0.018011,-0.0093547
0.058594,-0.98047,0.035156,0.021851,0.023736,0.032951
0.074219,-0.98047,0.074219,0.0027226,0.011309,0.089777
0.074219,-1.0039,0.046875,0.0091453,-0.002583,0.13383
0.058594,-1.0391,0.058594,0.045517,0.0078887,0.11268
0.046875,-1.0273,0.054688,0.056268,0,0.088939
0.046875,-1.0195,0.058594,0.074139,-0.0066321,0.064366
0.039062,-1.0195,0.0625,0.086007,-0.01466,0.04817
0.039062,-0.99609,0.058594,0.10151,-0.017592,0.045377
0.03125,-1.0039,0.054688,0.098783,-0.026109,0.060736
0.023438,-1.9961,0.070312,0.091522,-0.021223,0.083354
0.03125,-1.0195,0.085938,0.079096,-0.0047472,0.096479
0.011719,-1.0273,0.09375,0.075745,0.019617,0.061015
0.023438,-1.0352,0.074219,0.064994,0.0079585,0.041817
0.042969,-1.0273,0.09375,0.044539,-0.0072604,0.021572
0.054688,-1.0078,0.085938,0.030019,-0.015358,-0.013892
0.042969,-1.0078,0.085938,0.036441,-0.018081,-0.029809
0.019531,-0.99609,0.082031,0.043213,-0.018011,-0.019407
0.015625,-0.99609,0.082031,0.033928,-0.007749,-0.0020943
0.035156,-1.0195,0.070312,0.0016057,0.016545,0.0042585
0.03125,-1.0078,0.089844,-0.052498,0.011728,0.0034906
0.027344,-1.9961,0.097656,-0.061294,0.013194,0.016894
0.03125,-1.0117,0.082031,-0.061643,0.0054453,0.0096339
0.035156,-1,0.10156,-0.045168,0.0024434,-0.0048868
0.03125,-0.99609,0.085938,-0.011798,-0.01103,-0.0068415
0.03125,-1.0234,0.097656,0.023945,-0.0259,-0.0032113
0.03125,-1.0273,0.082031,0.028134,-0.025132,-0.0089358
0.023438,-1.0234,0.082031,0.020385,-0.029041,-0.032741
0.019531,-0.99609,0.070312,0.0091453,-0.023945,-0.047053
0.027344,-0.99609,0.070312,-0.012566,-0.0069811,-0.015987
0.03125,-0.97656,0.082031,-0.0098434,-0.0085868,-0.0037698
0.023438,-1,0.085938,-0.014241,-0.0013962,0.015638
0.027344,-0.011719,0.11719,-0.010541,0.0054453,0.031345
0.035156,-1.0352,0.074219,-0.0048868,-0.0048868,0.030228
0.03125,-1.0195,0.11328,0.0087264,-0.012636,0.012147
0.046875,-1.0234,0.074219,0.019338,-0.021292,0.0046075
0.042969,-1.0117,0.078125,0.02953,-0.021013,0.017941
0.023438,-1.0352,0.097656,0.035813,-0.020734,0.021432
0.015625,-1.0234,0.09375,0.024434,-0.013404,0.013823
0.019531,-1,0.082031,-0.0029321,-0.0046773,-0.03693
0.035156,-0.99609,0.074219,-0.0087264,0.0095641,-0.028413
0.027344,-0.99219,0.066406,-0.005166,0.017732,-0.0050962
0.019531,-1.0273,0.078125,-0.001466,0.01836,0.0039094
0.023438,-0.99609,0.0625,-0.0053755,0.015917,0.012775
0.015625,-1.0234,0.089844,-0.0035604,0.011309,0.0080981
0.023438,-1.0352,0.089844,-0.00069811,0.0010472,-0.0031415
0.042969,-1.0234,0.089844,0.0053755,-0.012845,-0.019198
0.03125,-1,0.066406,0.0054453,0.011658,-0.020315
0.015625,-1.0117,0.078125,0.021921,0.013194,0.031624
0.015625,-1.0312,0.089844,0.023457,0.0073302,0.035185
0.03125,-1.0156,0.082031,0.0078188,0.00097736,0.023177
0.015625,-1.0195,0.082031,0.01103,-0.0013962,0.020524
0.019531,-0.99609,0.074219,0.013474,0.0026528,0.013124
0.023438,-1,0.09375,0.024155,0.018011,-0.024992
0.019531,-1.0117,0.085938,0.027924,0.015708,-0.030926
0.019531,-1.0156,0.089844,0.023387,0.012147,-0.020385
0.019531,-1.0234,0.085938,0.015708,0.0089358,-0.01843
0.023438,-1.0117,0.078125,0.0020245,-0.0027924,-0.020874
0.035156,-1.0078,0.074219,0.0025132,-0.0039094,-0.0096339
0.023438,-1.0039,0.085938,0.012706,-6.9811e-05,-0.0071905
0.011719,-1.0078,0.085938,0.01857,0.0053755,-0.0078887
0.023438,-1.0312,0.089844,0.016266,0.015219,-0.0086566
0.023438,-1.0156,0.085938,0.007749,0.01487,-0.026807
0.0078125,-1.0273,0.085938,0.00034906,0.014451,-0.042724
0.019531,-1.0039,0.078125,-0.016406,0.010262,-0.0555
0.023438,-0.97266,0.074219,-0.027436,0.0091453,-0.056338
0.023438,-0.97656,0.050781,-0.032672,0.0069113,-0.036162
0.027344,-0.0039062,0.082031,-0.041677,0.0076094,-0.014241
0.027344,-0.99609,0.085938,-0.046983,0.010472,-0.0018151
0.035156,-1.0117,0.074219,-0.039792,0.010821,0.012357
0.046875,-1.0312,0.078125,-0.029809,0.005166,0.025551
0.039062,-1.0234,0.074219,-0.022479,0.0018151,0.0081679
0.035156,-1.0195,0.074219,-0.011589,0.0071905,-0.0055151
0.015625,-1.0156,0.074219,0.00083773,0.027855,0.0048868
0.011719,-1.0117,0.074219,-0.0066321,0.0073302,-0.00048868
0.027344,-1,0.074219,-0.016336,0.0020245,-0.0034906
0.03125,-1.0078,0.058594,-0.018221,-0.0021641,0.0044679
0.03125,-1.0039,0.09375,-0.0085868,-0.0041887,0.018291
0.027344,-1.0156,0.070312,0.017523,-0.0075396,0.030787
0.03125,-1.0039,0.066406,0.0067019,-0.0086566,0.020594
0.027344,-1.0117,0.070312,0.030158,-0.00076792,0.007749
0.015625,-1.0117,0.078125,0.038396,-0.004049,0.0087962
0.019531,-1,0.066406,0.043562,-0.01494,0.007749
0.019531,-1.0234,0.082031,0.041049,-0.016964,0.012496
0.011719,-1.0156,0.078125,0.031694,-0.010332,-0.005166
0.027344,-1.0039,0.078125,0.027715,-0.0031415,-0.016685
0.023438,-1,0.097656,0.025551,0.004049,-0.025411
0.027344,-0.99219,0.082031,0.02583,0.0045377,-0.018221
0.015625,-0.97656,0.070312,0.030228,0.0055849,0.0023736
0.015625,-1.0234,0.066406,0.020036,0.0095641,0.033998
0.023438,-1.0156,0.085938,0.010123,0.0019547,0.036092
0.019531,-0.99609,0.078125,0.013124,0.01487,0.026877
0.027344,-0.98828,0.082031,0.015498,0.016057,0.035394
0.023438,-1,0.089844,0.016196,0.015638,0.049356
0.011719,-1.0117,0.09375,0.017104,0.015498,0.05543
0.0078125,-1.0273,0.097656,0.016406,0.013753,0.052149
0.0039062,-1.0234,0.09375,0.013194,0.0059339,0.03693
0,-1.0195,0.085938,0.008866,-0.0020943,0.034975
0.0039062,-1.0156,0.09375,0.0044679,-0.012077,0.0034207
0.011719,-1.0156,0.089844,-0.010123,-0.018709,0.0031415
0.019531,-1.9883,0.054688,-0.015498,-0.021292,-0.024923
0.011719,-1,0.097656,-0.015149,-0.02604,-0.027575
0.0078125,-0.99609,0.070312,-0.011728,-0.032811,-0.019338
0.019531,-0.99219,0.089844,-0.012426,-0.0013962,-0.012217
0.011719,-1,0.082031,-0.0083773,-0.0047472,-0.0036302
0.015625,-1.0117,0.089844,-0.0030019,0.0006283,0.0092849
0.015625,-1.0273,0.085938,0.0097037,-0.0069113,0.013823
0.011719,-1.0391,0.089844,0.0089358,-0.010332,-0.0057245
0.015625,-1.0078,0.09375,0.0019547,-0.01473,-0.04084
0.015625,-1.0039,0.074219,-0.0018849,-0.0095641,-0.042445
0.023438,-0.99609,0.074219,-0.0073302,0.0018151,-0.032741
0.015625,-1.0078,0.11719,-0.0056547,0.0148,0.00083773
0.0078125,-1.0117,0.085938,-0.00083773,0.021851,0.016057
0.011719,-1.0195,0.089844,-0.0039094,0.023038,0.026389
0.015625,-1.0117,0.078125,-0.024574,0.001466,0.016615
0.011719,-1.0039,0.085938,-0.026598,-0.009983,0.0045377
0.015625,-1,0.074219,-0.028204,-0.0094245,0.0023736
0.0078125,-1.0078,0.082031,-0.021781,-0.0019547,0.0019547
0,-1,0.070312,-0.015987,-0.0038396,-0.0058641
0,-0.99609,0.097656,-0.0067717,0.0035604,-0.0010472
0.0039062,-1.0156,0.078125,0.0048868,0.008866,0.0075396
0.015625,-1.0195,0.078125,0.014381,0.0096339,-0.0090754
0.011719,-1.0039,0.070312,0.020524,0.0050962,-0.026458
0.019531,-1.0078,0.066406,0.025132,0.007749,-0.03344
0,-1,0.078125,0.028972,0.010053,-0.020594
0,-1.0156,0.078125,0.033998,0.0037,-0.0098434
-0.0039062,-1.0195,0.082031,0.026109,-0.006283,-0.0010472
0.0078125,-0.99609,0.097656,-0.0041189,-0.02206,-0.0026528
0.0078125,-1,0.078125,-0.010402,-0.038256,0.0024434
0.019531,-1.0078,0.085938,-0.002583,-0.021991,-0.034836
0.0078125,-1.9922,0.046875,0.011728,-0.0080283,-0.04419
0.0078125,-1.0039,0.066406,0.043143,-0.0046773,-0.054034
0,-1,0.074219,0.042096,-0.010402,-0.041398
0.0078125,-0.99609,0.082031,0.035534,-0.0041887,-0.020385
0.015625,-1,0.082031,0.033509,0.0053056,0.012147
0.015625,-1.0117,0.085938,0.041119,0.0053755,0.031345
0.011719,-1.0078,0.09375,0.045517,0.0044679,0.027575
0.011719,-1.0156,0.10156,0.048519,0.0080981,0.015917
0.039062,-1.0195,0.10156,0.043911,0.010541,0.0078887
0.0078125,-1.0156,0.078125,0.044819,0.0017453,0.0092151
0.0078125,-1.0234,0.085938,0.035185,-0.0034906,0.017034
0.0039062,-1.0039,0.089844,0.01466,0.00097736,0.0080283
0.0039062,-1.0117,0.078125,0.012566,-0.0045377,0.012077
0.0078125,-1.0078,0.085938,0.0069113,-0.0092151,0.0046773
0.019531,-1.0156,0.085938,0.0081679,-0.0063528,0.0073302
0.019531,-1.0156,0.10156,0.015149,-0.0076792,0.0049566
0.011719,-1.0039,0.097656,0.031973,-0.0036302,-0.011798
0.0039062,-1.0039,0.09375,0.038885,0.0012566,-0.017523
0.0078125,-1.0156,0.089844,0.038396,0.0053755,-0.01843
0.0039062,-1.0117,0.097656,0.023875,0.008866,-0.01843
0,-1.0039,0.089844,0.0093547,0.012636,-0.0064226
0.0078125,-1.0195,0.078125,-0.02569,0.0068415,-0.018151
0.015625,-1,0.066406,-0.0333,-0.011938,-0.034068
0.0039062,-0.99609,0.097656,-0.024923,-0.0055151,-0.034277
0,-1.0039,0.082031,-0.012985,-0.0030019,-0.026109
0.023438,-1.0117,0.089844,-0.016824,0.001466,-0.015568
0.011719,-1,0.085938,-0.0034207,0.010751,-0.0036302
0.015625,-1.0078,0.085938,-0.0023038,0.013683,-0.005166
0.0078125,-1.0078,0.12891,-0.00083773,0.0094943,-0.00097736
0.0039062,-1.0234,0.089844,0.0066321,-0.001466,0.0030019
0.0078125,-1.0156,0.09375,0.0036302,-0.0052358,0.0027226
0.0039062,-1.0078,0.09375,0.0059339,-0.015428,-0.01124
0.015625,-1.0078,0.11328,0.0039792,-0.012357,-0.011379
0.0039062,-1.0195,0.11328,0.0029321,-0.0079585,-0.010053
0.0039062,-1.0078,0.070312,-0.0056547,-0.0064226,-0.01487
0.015625,-0.99609,0.089844,-0.020315,-0.00076792,-0.010681
0.019531,-1.0039,0.09375,-0.017034,-0.0025132,0.0046075
0.011719,-1.0078,0.09375,-0.0097037,-0.00097736,0.012496
0.0039062,-1.0273,0.089844,-0.005166,0.00069811,0.01487
0.0078125,-1.0352,0.085938,-0.0078887,0.0091453,0.017104
0.0039062,-1.0273,0.085938,-0.017243,0.013194,0.0016057
0.0039062,-1.0117,0.085938,-0.02604,0.008517,-0.023945
0.0078125,-0.99219,0.074219,-0.023247,-0.0060038,-0.040351
0.0078125,-1.0078,0.10156,-0.019268,-0.0071207,-0.021851
0.011719,-1.0156,0.085938,-0.019966,-0.0039094,-0.0075396
0.0078125,-1.0156,0.09375,-0.020315,0.0070509,-0.0045377
0.0039062,-1.0195,0.085938,-0.04056,0.018709,0.016475
0.0078125,-1.0195,0.089844,-0.058083,0.023526,0.023945
0.015625,-1,0.078125,-0.085658,0.046285,0.047402
0.0078125,-1.0039,0.082031,-0.083145,0.041538,0.077351
-0.0039062,-1.0273,0.089844,-0.072185,0.012915,0.068136
0.0039062,-1.0039,0.058594,-0.079166,0.0027226,0.025551
0.0039062,-2,0.085938,-0.081819,0.0043981,-0.00020943
0,-1.0117,0.078125,-0.053475,0.011589,-0.018779
0.0078125,-1.0156,0.0625,-0.047053,0.019268,-0.03707
0.011719,-0.99609,0.058594,-0.043702,0.018989,-0.045168
0.011719,-1.0039,0.058594,-0.026319,0.0062132,-0.021641
0.0039062,-1.0078,0.046875,-0.013892,-0.01494,-0.0099132
0.0039062,-1,0.058594,-0.0036302,-0.012147,-0.0071207
0,-0.99609,0.058594,0.0054453,-0.011938,0.0032113
0,-1.0078,0.09375,0.013683,-0.0067717,0.012775
0,-1.043,0.074219,0.016685,-0.0054453,0.012566
0,-1.0195,0.050781,0.016964,-0.020036,-0.0023736
0.0039062,-1.0156,0.0625,0.018779,-0.022828,-0.012845
0.0078125,-1.0039,0.058594,0.018919,-0.020455,-0.012636
0.0039062,-1.0078,0.050781,0.022898,-0.016964,-0.01096
0,-0.99609,0.054688,0.028623,-0.0076792,-0.0054453
0,-1.0078,0.0625,0.030507,0.0097037,0.0021641
0.0039062,-1.0234,0.058594,0.027506,0.013892,0.0016755
0,-1.0156,0.0625,0.019407,0.012845,0.00013962
0.0039062,-1.0195,0.074219,0.019268,0.0035604,-0.0024434
0,-1.0039,0.0625,0.023875,-0.0060736,-0.0091453
0.0039062,-0.99609,0.074219,0.033719,-0.012496,-0.021572
0.0078125,-1.0312,0.074219,0.042306,-0.010681,-0.021851
0.0039062,-1.0234,0.066406,0.054662,-0.014032,-0.0096339
0.0039062,-1.0117,0.074219,0.061085,-0.017662,-0.014241
0,-1.0078,0.078125,0.065553,-0.0085868,-0.019896
0,-1.0156,0.078125,0.058013,-0.0071207,-0.015149
0,-1.0156,0.078125,0.041189,-0.0055849,-0.013892
0.0039062,-1.0195,0.078125,0.052149,-0.0035604,-0.014311
0.0078125,-1.0117,0.082031,0.025551,-0.0060736,-0.01117
-0.99219,-1,0.0625,0.027087,-0.011938,-0.0047472
0.0039062,-1,0.078125,0.018849,-0.023247,-0.0023736
0,-1.0156,0.085938,0.0013264,-0.00090754,-0.011309
0,-1,0.10938,-0.0041887,0.011309,-0.015987
0.0039062,-1.0039,0.070312,-0.0074698,0.015358,-0.025481
0.0039062,-1.0078,0.070312,-0.0076094,0.018291,-0.026598
0.0078125,-1.0117,0.082031,-0.0069811,0.013474,-0.0333
0.0078125,-1.0039,0.070312,-0.0026528,0.0084471,-0.034207
0.0039062,-1.0078,0.078125,0.0061434,-0.0017453,-0.015219
0,-1.0117,0.082031,0.0082377,-0.0055151,0.0060038
0.011719,-1.0078,0.10156,0.011658,-0.0054453,-0.0035604
0.0039062,-1.0312,0.082031,0.016545,0.0027924,-0.025202
0.011719,-1.0273,0.074219,0.011938,0.0023038,-0.044539
0.015625,-1.0312,0.066406,0.011728,0.012985,-0.066251
0.019531,-1.0664,0.0625,0.010751,0.02213,-0.0888
0.015625,-1.0703,0.070312,-0.0019547,0.018989,-0.083634
0.027344,-1.0391,0.058594,-0.026109,0.017941,-0.14667
0.027344,-1.0039,0.058594,-0.056477,0.02974,-0.15275
0.046875,-1.0156,0.015625,-0.10011,0.0518,-0.16957
0.023438,-1.0039,0.046875,-0.16776,0.079236,-0.18709
0.023438,-0.96484,0.066406,-0.24601,0.094873,-0.14947
0.070312,-0.96875,0.12891,-0.26444,0.093756,-0.02234
-0.0625,-1.0781,0.089844,-0.18297,0.043213,0.043632
0.011719,-1.0547,0.042969,-0.12587,0.013404,0.028623
0.011719,-1.9844,0.0625,-0.18039,0.019687,0.044958
0.015625,-0.97656,0.035156,-0.1887,-0.002234,0.108
0.023438,-0.98828,0.042969,-0.16385,0.0067019,0.15191
-0.0078125,-0.98047,0.039062,-0.15212,0.00076792,0.18207
0.074219,-1.0273,0.042969,-0.14472,-0.016266,0.20881
-0.023438,-1.1211,-0.066406,-0.1399,-0.00020943,0.14018
0.078125,-1.1133,0.050781,-0.33851,0.035185,0.063877
0.074219,-1.1719,-0.12109,-0.44044,0.053336,-0.067438
0.0625,-1.1094,-0.22266,-0.65832,0.096549,-0.22856
0.042969,-1.0039,0.11719,-1.0333,0.16413,-0.28951
0.027344,-0.98828,0.078125,-0.93847,0.11693,-0.26005
0.015625,-0.94922,-0.023438,-0.60994,0.061783,-0.28092
-0.0039062,-0.92188,0.011719,-0.44149,0.064924,-0.30633
-0.035156,-0.89453,-0.011719,-0.3677,0.044679,-0.26012
-0.050781,-0.89453,-0.042969,-0.296,0.024992,-0.16091
-0.015625,-0.91016,-0.058594,-0.28113,0.026109,-0.036092
0.054688,-0.94531,-0.050781,-0.28637,0.045866,0.09627
0.097656,-1.0117,-0.066406,-0.25488,0.065692,0.16126
0.078125,-1.0195,-0.089844,-0.228,0.068275,0.12754
0.019531,-1,-0.085938,-0.21579,0.080841,0.081679
-0.0039062,-0.98828,-0.074219,-0.2153,0.099062,0.067647
0.023438,-1.0977,-0.11328,-0.24071,0.11316,0.11575
0.054688,-1.0234,-0.10938,-0.35087,0.083215,-0.015428
0.046875,-0.97266,-0.1875,-0.38012,0.089498,-0.1318
0,-0.98047,-0.16016,-0.40281,0.11365,-0.07379
0,-0.97656,-0.13672,-0.46829,0.14346,-0.0069811
-0.011719,-0.97266,-0.13672,-0.54118,0.22409,0.021641
0.027344,-0.99609,-0.19531,-0.68345,0.17215,0.042724
0.042969,-0.99609,-0.22266,-0.75759,0.13083,-0.024364
0.078125,-0.99609,-0.25,-0.79445,0.1154,-0.040141
0.054688,-0.89844,-0.32812,-0.77979,-0.0041887,-0.058432
0.042969,-0.87109,-0.35938,-0.75173,0.0259,-0.018849
0.050781,-0.83203,-0.39062,-0.76932,0.051381,0.013194
0.066406,-0.84375,-0.41406,-0.78335,0.070858,0.065832
0.0625,-0.83594,-0.44141,-0.78614,0.083354,0.096479
0.027344,-0.83203,-0.44141,-0.80771,0.11142,0.12091
0.0039062,-0.9375,-0.37109,-0.81002,0.13522,0.15338
0.015625,-0.92578,-0.44141,-0.71026,0.091522,0.14332
0.0625,-0.84766,-0.50781,-0.59744,0.10653,0.076722
0.070312,-0.86719,-0.48828,-0.58383,0.10032,0.093756
0.027344,-0.84375,-0.51172,-0.56268,0.097107,0.092151
0.023438,-0.89062,-0.55078,-0.5476,0.096409,0.094803
0.035156,-0.90234,-0.60938,-0.58788,0.12789,0.045936
0.011719,-0.89453,-0.58594,-0.62732,0.18905,0.0026528
0.089844,-0.78516,-0.50781,-0.7453,0.31987,-0.087264
0.0039062,-0.70312,-0.67188,-0.78356,0.27373,-0.17376
0.046875,-0.78125,-0.57422,-0.83969,0.23045,-0.021013
0.046875,-0.78906,-0.60156,-0.81798,0.24608,0.0010472
0.070312,-0.75391,-0.59766,-0.78454,0.16999,-0.031136
0.054688,-0.73047,-0.63672,-0.76555,0.092709,-0.052358
0.050781,-0.76953,-0.63672,-0.7356,0.067088,-0.077141
0.085938,-0.71094,-0.72656,-0.64701,0.063388,-0.16622
0.10547,-0.66797,-0.69922,-0.69476,0.088939,-0.13906
0.085938,-0.69531,-0.71875,-0.75857,0.069253,-0.086147
0.089844,-0.65625,-0.73438,-0.8852,0.071277,-0.16168
0.10547,-0.59766,-0.73828,-0.9518,0.10562,-0.16496
0.0625,-0.57812,-0.70703,-0.98929,0.078119,-0.14374
0.050781,-0.60547,-0.77344,-0.96542,-0.024923,-0.034626
0.082031,-0.53125,-0.80859,-1.0075,-0.032602,-0.090056
0.10938,-0.51172,-0.86328,-1.0727,-0.011658,-0.11931
0.097656,-0.49219,-0.85156,-1.1459,0.046704,-0.11505
0.09375,-0.50391,-0.86328,-1.2505,0.10088,-0.10611
0.12109,-0.45703,-0.85547,-1.3662,0.14444,-0.11714
0.19141,-0.42969,-0.87109,-1.4759,0.18095,-0.1443
0.17188,-0.36328,-0.81641,-1.564,0.19282,-0.20545
0.15234,-0.28516,-0.82422,-1.6104,0.15603,-0.27122
0.10938,-0.27734,-0.85156,-1.6016,0.11624,-0.23282
0.09375,-0.26172,-0.95703,-1.5391,0.072255,-0.10877
0.10156,-0.29297,-0.99609,-1.4662,0.038885,-0.015079
0.14453,-0.25391,-0.96875,-1.432,0.079305,0.02213
0.12891,-0.20312,-0.94531,-1.4314,0.15805,0.0078188
0.11328,-0.16016,-0.92578,-1.4068,0.2169,-0.049147
0.12109,-0.14062,-0.91406,-1.3162,0.26696,-0.041817
0.16797,-0.16016,-0.90234,-1.1699,0.27352,-0.013892
0.125,-0.027344,-0.9375,-0.90154,0.17048,0.10311
0.14453,-0.066406,-0.87891,-0.80471,0.14116,0.19037
0.20312,-0.11328,-0.88672,-0.71424,0.037558,0.24022
0.21875,-0.015625,-0.97656,-0.64135,-0.092849,0.2028
0.17578,-0.0039062,-1.0039,-0.61622,-0.108,0.19051
0.16797,0.0039062,-0.94922,-0.47185,-0.13362,0.15777
0.10156,0.0039062,-1,-0.48658,-0.20099,0.16971
0.22656,0.035156,-0.96875,-0.63165,-0.07749,0.1207
0.17188,0.027344,-0.98828,-0.57294,0.10479,0.047123
0.16797,0.074219,-0.92578,-0.4077,0.27917,0.0333
0.14453,0.054688,-0.96094,-0.36372,0.31017,0.065134
0.15625,0.011719,-0.98047,-0.39164,0.32769,0.078747
0.16016,0.054688,-0.96094,-0.46452,0.28162,0.032602
0.17578,0.089844,-0.96094,-0.4928,0.18549,-0.022549
0.19922,0.10938,-0.96094,-0.51158,0.12315,-0.026109
0.14062,0.19141,-0.83984,-0.52219,0.087892,-0.024364
0.16016,0.12109,-0.88672,-0.45,0.02234,0.050543
0.18359,0.13281,-1.0195,-0.46836,-0.097247,0.11274
0.18359,0.14453,-0.93359,-0.62823,-0.041258,0.11086
0.17188,0.21094,-0.89453,-0.76681,0.060736,0.067577
0.17578,0.24219,-0.86328,-0.80234,0.095292,0.068764
0.1875,0.22656,-0.89844,-0.69734,0.061713,0.057804
0.17188,0.23828,-0.95312,-0.60568,0.00034906,0.021711
0.15625,0.25781,-0.92969,-0.77253,-0.012426,0.038187
0.14062,0.26562,-0.85938,-1.1307,0.036441,0.069532
0.20312,0.36719,-0.80469,-1.2606,0.097456,0.0055151
0.21484,0.41406,-0.94141,-1.3214,0.11344,0.013823
0.20312,0.46094,-0.94531,-1.2953,0.1651,0.047751
0.21875,0.48047,-0.85938,-1.104,0.22786,0.066879
0.24609,0.46484,-0.76953,-0.91795,0.17341,0.067507
0.21875,0.50781,-0.78906,-0.74035,0.0025132,0.020175
0.21484,0.53516,-0.80078,-0.68436,0.0045377,0.041398
0.21484,0.53125,-0.83203,-0.6653,0.039164,0.028902
0.23828,0.5625,-0.85547,-0.74893,0.023457,0.012147
0.21484,0.57812,-0.88281,-0.81211,0.010472,0.010332
0.24219,0.58203,-0.83203,-0.80471,0.067507,-0.0030717
0.22656,0.57422,-0.78125,-0.79194,0.15107,-0.013543
0.24219,0.57422,-0.72266,-0.79047,0.23345,-0.017383
0.23438,0.60156,-0.67188,-0.76722,0.29055,-0.020594
0.26953,0.58203,-0.57422,-0.68994,0.29104,-0.01864
0.27734,0.57422,-0.57422,-0.58579,0.17264,-0.021851
0.25781,0.59766,-0.66797,-0.54711,-0.021153,-0.035394
0.23828,0.74609,-0.62891,-0.67926,-0.052498,0.0011868
0.23828,0.75,-0.72656,-0.71891,-0.038396,0.0068415
0.19922,0.75391,-0.75781,-0.64945,-0.191,0.019687
0.22656,0.77734,-0.60156,-0.58062,-0.012845,0.013055
0.23438,0.78906,-0.46094,-0.78656,-0.11072,0.12503
0.18359,0.75391,-0.39844,-0.73665,-0.09222,0.17927
0.19922,0.8125,-0.47266,-0.72618,-0.087473,0.17537
0.17578,0.92969,-0.32031,-0.74656,-0.02213,-0.087054
0.15234,0.92188,-0.29688,-0.70684,0.0039792,-0.12741
0.16016,0.94141,-0.23828,-0.68157,0.030368,-0.19449
0.15625,0.91406,-0.23438,-0.65937,0.009983,-0.19338
0.074219,0.91406,-0.125,-0.35359,-0.038675,-0.1466
0.089844,0.89453,-0.17188,-0.34787,-0.063807,-0.24832
0.125,0.96094,-0.17578,-0.3471,-0.047681,-0.36686
0.125,0.98047,-0.11719,-0.33789,0.030228,-0.34864
0.070312,0.98828,-0.070312,-0.25753,0.055151,-0.16999
0.066406,1.0039,-0.023438,-0.25488,0.067158,-0.14695
0.050781,1.0195,-0.0039062,-0.10025,-0.00034906,-0.079166
0.027344,1.0117,-0.011719,0.0095641,-0.048938,-0.058222
0.058594,0.99219,-0.066406,0.14961,-0.067717,0.052149
0.023438,0.96094,-0.09375,0.093058,-0.0092849,0.026458
0.042969,0.98438,-0.066406,0.076722,0.0089358,-0.011798
0.019531,1.0078,-0.074219,0.075117,-0.010541,-0.033998
0.015625,1.0234,-0.0625,0.069741,-0.02227,-0.055919
0.027344,1.0156,-0.070312,0.042655,-0.039513,-0.080981
0.050781,0.98828,-0.082031,0.017453,-0.029809,-0.096339
0.082031,0.97266,-0.054688,-0.0016755,0.0020943,-0.087404
0.035156,0.98438,-0.058594,-0.045447,0.0086566,-0.033509
0.015625,0.99219,-0.050781,-0.062132,0.005166,-0.047332
0.039062,0.99219,-0.058594,-0.078677,-0.00034906,-0.075396
0.027344,1.0078,-0.050781,-0.091383,0.0023038,-0.080283
0.015625,1,-0.070312,-0.064505,-0.0010472,-0.051241
0.019531,0.98047,-0.074219,-0.065692,0.014241,-0.049077
0.046875,0.98828,-0.066406,-0.089498,0.042585,-0.059549
-0.027344,0.90234,-0.054688,-0.10367,0.071417,-0.042096
0.054688,0.99219,-0.023438,-0.081679,0.12091,-0.010402
0.054688,1.0156,-0.14062,-0.091941,0.09243,-0.027087
-0.046875,0.96875,0.023438,0.0064924,0.18318,0.050683
-0.023438,0.011719,-0.039062,-0.048728,0.095292,0.016685
0.046875,1,-0.039062,-0.011728,0.13913,0.060596
0.046875,0.92188,0,-0.02213,0.069322,0.038955
0.054688,0.94922,-0.074219,-0.047192,0.034347,0.013334
0.027344,0.98828,-0.046875,-0.067787,-0.030158,-0.0097037
0.039062,1,-0.046875,-0.053964,-0.02576,-0.015079
0.03125,0.97656,-0.0078125,-0.090824,0.00097736,0.0082377
0.9375,1.1211,-0.070312,-0.084471,0.008517,-0.018081
0.035156,1,-0.042969,-0.099341,-0.0012566,-0.004049
0.046875,0.98828,-0.019531,-0.15854,0.016475,0.0027226
0.035156,1.0039,0.0078125,-0.095641,-0.004817,0.0078188
0.050781,0.98828,-0.039062,-0.058641,-0.025132,0.0099132
0.035156,0.99219,-0.0039062,-0.036092,-0.02227,0.0086566
0.035156,0.98828,-0.0625,-0.009983,-0.021572,0.016336
0.042969,0.98047,-0.023438,-0.035324,0.0067717,0.010332
0.046875,0.98047,-0.027344,-0.053406,0.012077,-0.0015358
0.046875,0.97656,-0.019531,-0.056896,0.021851,-0.014172
0.042969,0.98828,-0.0039062,-0.062132,0.02227,-0.026528
0.070312,1.0039,0.0039062,-0.066181,0.0015358,-0.027017
0.035156,0.98438,-0.0078125,-0.039862,-0.010611,-0.015079
0.046875,0.98438,-0.019531,-0.031555,-0.026249,-0.0046773
0.042969,0.97656,0,-0.046285,-0.038466,-0.011798
0.039062,0.98438,0.98438,-0.043562,-0.021781,-0.047123
0.039062,0.98438,-0.99219,-0.033649,-0.012357,-0.05557
0.035156,0.98828,-0.015625,-0.045587,0.0013264,-0.062202
0.027344,0.98438,-0.0039062,-0.064296,0.013474,-0.067577
0.03125,0.98438,0.0078125,-0.080004,0.0222,-0.064994
0.03125,0.98828,0.0078125,-0.086356,0.01857,-0.067438
0.011719,0.98828,0,-0.083145,0.010681,-0.041677
0.019531,0.99219,0.0078125,-0.089498,-0.0019547,-0.038536
0.027344,0.98828,0.011719,-0.086636,-0.021921,-0.01466
0.03125,0.99219,0.023438,-0.083215,-0.026109,-0.021991
0.027344,0.99609,0.023438,-0.086007,-0.023038,-0.02234
0.039062,0.98438,0.0039062,-0.051381,-0.028204,-0.046564
0.019531,0.99219,0.0039062,-0.039094,-0.028762,-0.057245
0.019531,0.99609,0.011719,-0.044889,-0.016266,-0.049287
0.027344,0.99219,0.027344,-0.043841,-0.011868,-0.045517
0.035156,0.97656,0.023438,-0.013613,-0.0098434,-0.050334
0.027344,0.98047,0.019531,-0.004817,0.0068415,-0.07009
0.023438,0.99609,0.019531,0.0030019,0.012915,-0.076234
0.019531,0.99219,-0.0039062,0.012915,0.0074698,-0.077839
0.011719,0.99609,0.011719,0.008866,0.015498,-0.087334
0.0078125,0.99219,0.0078125,0.0056547,0.023177,-0.083843
0.0078125,0.98828,-0.0039062,0.00069811,0.022479,-0.06646
0.011719,0.98438,0.0039062,-0.0096339,0.030438,-0.062481
0.011719,0.98047,0.011719,-0.020385,0.042445,-0.053126
0.011719,0.98438,0.015625,-0.024364,0.056128,-0.060107
0.015625,0.98047,0.023438,-0.034417,0.056826,-0.060247
0.0039062,0.99219,0.023438,-0.035045,0.050124,-0.059898
0.011719,0.98438,0.023438,-0.022828,0.042096,-0.0555
0.023438,0.98047,0.015625,-0.015079,0.035813,-0.050613
0.0078125,0.98828,0.019531,-0.023666,0.020874,-0.0481
0.011719,0.97656,0.015625,-0.037977,0.013264,-0.048589
0.0039062,0.98438,0.050781,-0.018989,0.013055,-0.0518
0.0078125,0.97656,0.03125,-0.010332,0.01857,-0.047751
0.0078125,0.98828,0.011719,-0.0036302,0.020804,-0.049356
0.0039062,0.98438,0.023438,-0.0020943,0.014521,-0.053685
0.0039062,0.98438,0.023438,0.015009,0.0017453,-0.066181
-1,0.98438,0.027344,0.0063528,-0.0015358,-0.057175
-0.011719,0.98828,0.019531,-0.016266,0.00055849,-0.053056
-0.0039062,0.99219,0.023438,-0.021432,0.005166,-0.0444
-0.0039062,0.98438,0.023438,-0.025411,0.0090754,-0.041887
-0.0039062,0.98438,0.035156,-0.00090754,0.0061434,-0.03344
-0.0039062,0.98047,0.042969,-0.0058641,0.0081679,-0.034068
0,0.98438,0.99609,-0.0023736,0.012775,-0.041538
0,0.98828,0.066406,0.004817,0.012217,-0.04056
-0.0039062,0.98828,0.027344,0.0055151,0.009983,-0.043562
-0.0078125,0.99219,0.023438,0.010681,0.0055849,-0.037558
0,0.98828,0.027344,0.017592,-0.0033509,-0.037698
-0.011719,0.98438,0.039062,0.025062,-0.0034207,-0.034696
-0.0039062,0.98438,0.023438,0.023875,-0.0027924,-0.033719
-0.011719,0.98828,0.019531,0.013474,0.0010472,-0.032392
-0.0039062,0,0.042969,0.0074698,0.018151,-0.028972
-0.0039062,0.98438,0.058594,0.0080981,0.015149,-0.025411
-0.0039062,0.98438,0.019531,0.011309,0.0078188,-0.017802
-0.011719,0.99219,0.019531,0.015079,0.0071905,-0.014591
-0.0078125,0.98828,0.019531,0.023177,0.0111,-0.008866
-0.011719,0.98828,0.027344,0.025411,0.0063528,-0.009983
-0.0039062,0.98828,0.019531,0.027994,0.0033509,-0.0097037
0.98828,0.99219,0.0039062,0.034975,0.0060736,-0.0092151
-0.015625,0.99609,0.019531,0.035324,0.002583,-0.0030019
-0.011719,0.98438,0.015625,0.033858,-0.0054453,-0.015009
-0.0039062,0.96875,0.0078125,0.023038,-0.0091453,-0.0050264
-0.0039062,0.99219,0.027344,0.0070509,-0.0086566,-0.0043283
-0.011719,0.99219,0.019531,-0.0072604,-0.0064226,-0.009983
-0.0039062,0.98438,0.0625,-0.008517,-0.002234,-0.017174
-0.0039062,0.98438,0.023438,-0.0027924,0.0034906,-0.021572
-0.015625,0.99609,0.015625,0.004049,0.0071905,-0.019757
-0.0039062,0.98438,0.015625,0.0058641,0.012008,-0.013892
-0.0039062,0.98438,0.011719,-0.0069811,0.0052358,-0.01473
-0.0078125,0.98047,0.011719,-0.013892,0.0059339,-0.015149
-0.0039062,0.98828,0.011719,-0.01487,0.0045377,-0.015917
0.0039062,0.99219,0.035156,-0.0074698,-0.0027226,-0.018151
-0.0078125,0.019531,0.011719,0.018919,-0.0094245,-0.0097037
-0.0039062,0.98828,0.023438,0.036302,-0.019617,-0.0052358
-0.015625,0.99219,-0.0039062,0.051241,-0.018989,-0.0043981
-0.0078125,0.98828,0.023438,0.049985,-0.019407,-0.005166
-0.0078125,0.97656,0.99219,0.045587,-0.019687,-0.0069113
-0.0078125,0.98438,0.0039062,0.0072604,-0.009983,-0.012636
-0.0078125,0.98828,0.019531,-0.01117,0.0043283,-0.020524
-0.011719,0.99609,0.015625,-0.013334,0.0053755,-0.015219
-0.0078125,0.99609,0.019531,-0.011938,0.0076094,-0.0087264
-0.011719,0.99219,0.023438,0.0068415,-0.0037,0.0030019
-0.0039062,0.97266,0.011719,0.01466,-0.0018151,-0.0011868
-0.0039062,0.98438,0.011719,0.014241,0.00020943,-0.012287
-0.011719,0.98438,0.0039062,0.0037,0.00041887,-0.022549
-0.0078125,0.98828,0.03125,-0.00034906,0.0010472,-0.023038
-0.0078125,0.98438,0.015625,0.0078887,0.001117,-0.024224
-0.011719,0.99219,0.027344,0.021851,0.00083773,-0.019757
-0.011719,0.98828,0.011719,0.028762,0.0016755,-0.015917
-0.011719,0.98828,0.011719,0.037628,0.013613,-0.013194
-0.015625,0.98828,0.0078125,0.050124,-0.01487,-0.0066321
-0.015625,0.98828,-0.011719,0.051172,-0.015428,-0.0083773
-0.0039062,0.98828,0.0078125,0.033649,-0.010611,-0.0064226
-0.0078125,0.96484,0.0078125,0.015498,-0.0096339,-0.0096339
-0.0039062,0.98828,0.015625,0.030019,-0.0027924,-0.018989
-0.0039062,0.98828,0.019531,0.042724,-0.0072604,-0.017872
-0.011719,0.98438,0.98828,0.054383,-0.016057,-0.019058
-0.015625,0.99219,0,0.04817,-0.010472,-0.020385
-0.0078125,0.98047,0.0039062,0.038536,-0.0053056,-0.024224
-0.0078125,0.98438,0.0078125,0.028553,-0.0027924,-0.025132
-0.015625,0.99219,0.0078125,0.0296,-0.0097037,-0.021572
-0.0078125,0.98438,0,0.02967,-0.016685,-0.01487
-0.0078125,0.99219,0,0.030717,-0.0097736,-0.014032
-0.0078125,0.98438,-0.0078125,0.030019,-0.01103,0.0029321
-0.0078125,0.97656,0,0.013892,-0.0081679,-0.00041887
-0.011719,0.011719,-0.011719,-0.0032113,0.0041887,-0.00034906
-0.0039062,0.98828,0.99219,-0.041258,-0.0038396,-0.016196
-0.0078125,0.98828,0.0039062,-0.044679,-0.0054453,-0.016824
-0.019531,0.99609,0.015625,-0.043283,-0.005166,-0.014172
-0.019531,0.99219,0.0039062,-0.021502,-0.0031415,-0.0071905
-0.011719,0.98047,0.0039062,-0.010053,-0.0020943,0.0057245
-0.0078125,0.99609,-0.0039062,-0.011589,-0.0043283,0.0046773
-0.0078125,0.98828,0.0039062,-0.013753,-0.0027924,0.0032811
-0.0078125,0.98438,0.011719,-0.008517,0.00027924,0.0029321
-0.011719,0.99609,0.015625,-0.0097037,0.0038396,-0.0046075
-0.0039062,0.98438,0.011719,-0.012008,0.0093547,-0.0030717
-0.011719,0.98828,-0.011719,-0.013474,0.017732,0.0020245
-0.0039062,0.98438,0.027344,-0.0037698,0.0020245,-0.00090754
-0.0039062,0.98438,0.0078125,-0.0024434,0.0034906,0.0015358
-0.0039062,0.98438,0.0078125,-0.010402,-0.0029321,-0.0067717
-0.015625,0.99219,0.0078125,-0.017802,-0.0074,-0.0028623
-0.011719,0.98438,0.015625,0.0013264,-0.0058641,0.004817
-0.0078125,0.98438,0.0078125,-0.0067019,-0.0060038,0.0071207
-0.0078125,0.98828,0.015625,-0.010332,-0.0061434,0.0027924
-0.0039062,0.98438,0.0078125,-0.0055849,-0.01124,-0.006283
-0.0039062,0.98828,0.015625,0.008866,-0.011519,-0.0063528
-0.0078125,0.98438,0.0039062,0.023806,-0.012357,-0.0067019
-0.0078125,0.99219,0.042969,0.033509,-0.020036,-0.0065622
-0.0039062,0.98828,0.015625,0.035604,-0.022689,-0.0013264
-0.0039062,0.98047,0.98828,0.036511,-0.027575,-0.0062132
-0.0039062,0.98438,0.011719,0.0094943,-0.033928,-0.02213
-0.011719,0.99219,0.0078125,0.01096,-0.030857,-0.019547
-0.015625,0.98828,0.0039062,0.0080981,-0.022968,-0.020734
-0.011719,0.97656,0.0039062,0.0046773,-0.010192,-0.021991
-0.0039062,0.98438,0.015625,0.010821,0.002583,-0.014591
-0.011719,0.99219,-0.0039062,0.014451,-0.0027924,-0.005166
-0.011719,0.98828,0.0039062,0.012845,-0.0076792,-0.0043283
-0.0078125,0.98828,0.011719,0.013892,-0.011589,-0.00048868
-0.0078125,0.98438,0.011719,0.010332,-0.014311,-0.00034906
-0.0039062,0.98047,0,-0.0020943,-0.015079,-0.009983
-0.011719,0.98828,0.0039062,-0.016475,-0.016475,-0.011449
-0.0039062,1,0.019531,-0.021921,-0.0016755,-0.0067717
-0.011719,0.98047,0.011719,-0.0056547,0.001466,-0.00097736
-0.0078125,0.98828,-0.0078125,0.0015358,-0.0071905,0.0017453
-0.0078125,0.98047,0.015625,0.0111,-0.0078188,0.0041189
0,0.97266,0.0039062,0.0025132,-0.0094245,-0.001117
-0.0039062,0.98828,0.03125,-0.0020943,-0.011728,-0.0094245
-0.0039062,0.98438,0.011719,-0.0073302,-0.0028623,-0.022479
-0.0039062,0.98828,0.0039062,-0.0019547,-0.0023038,-0.024364
-0.0039062,0.98828,0.0078125,-0.0039094,0.0027226,-0.028832
-0.0078125,0.99609,0.0078125,-0.0055849,-0.00055849,-0.025621
-0.0078125,0.98828,0.011719,-0.00097736,-0.0057245,-0.021921
-0.011719,0.99609,0.015625,0.008866,-0.0042585,-0.017802
-0.011719,0.98047,-0.0078125,0.017104,-0.0074,-0.0078188
-0.011719,0.98047,-0.019531,0.028902,-0.010332,-0.0052358
-0.0039062,0.97266,-0.0078125,0.032881,-0.0078188,-0.0068415
-0.0078125,0.98828,-0.039062,0.025621,-0.0058641,-0.013823
-0.0078125,0.98047,0.011719,-0.0041189,0.0016755,-0.013264
-0.0078125,0.98828,0.0078125,-0.014172,-0.001117,-0.013194
-0.0078125,0.98438,0.011719,-0.021641,-0.0032113,-0.010611
-0.0078125,0.98828,0.0078125,-0.027575,-0.0055151,-0.007749
-0.99609,0.98438,0.0039062,-0.039094,-0.0078188,-0.016824
-0.0078125,0.98438,0.011719,-0.043492,-0.0030019,-0.0064924
0,0.98438,0.023438,-0.051172,0.0011868,-0.028902
-0.0078125,0.97266,0.019531,-0.051451,-0.0020943,-0.02974
-0.0078125,0.0078125,0.019531,-0.040351,-0.0020943,-0.029181
-0.019531,0.99219,0.039062,-0.0259,0.0057943,-0.023596
-0.015625,0.99609,0.058594,-0.0111,0.010751,-0.00048868
-0.0039062,0.98438,0.011719,-0.001466,-0.012775,0.011309
-0.0039062,0.98438,0.015625,0.01494,-0.014521,0.0074698
-0.0078125,0.98047,0.011719,-0.0018849,-0.011868,0.0055151
-0.011719,0.99219,0.011719,-0.0025132,-0.0030019,-0.0027924
0.98438,0.98828,0.023438,-0.0080981,0.0055151,-0.018151
-0.0078125,0.98828,0.035156,-0.011938,0.0055849,-0.018011
-0.011719,0.98828,0.019531,-0.0044679,0.0021641,-0.019477
-0.011719,0.99219,0.027344,0.015289,0.00020943,-0.016336
-0.0078125,0.98438,0.023438,0.016615,-0.0029321,-0.0063528
-0.0078125,0.98828,0.019531,0.012217,-0.00069811,-0.0030717
-0.0078125,0.98438,0.019531,0.021711,0.0061434,-0.0062132
-0.0039062,0.98047,0.015625,0.026319,0.00090754,-0.0080283
-0.011719,0.98438,0.019531,0.0296,-0.0028623,-0.011728
-0.0078125,0.98828,0.011719,0.039094,-0.0068415,-0.016894
-0.011719,0.98047,0.019531,0.041328,-0.0085868,-0.021013
-0.0078125,0.98828,0.019531,0.039024,-0.0042585,-0.028134
-0.015625,0.99609,0.035156,0.038955,-0.0060736,-0.022898
-0.011719,0.97266,0.0039062,0.049985,-0.018709,-0.013753
-0.0078125,0.98047,0.0039062,0.04419,-0.018011,-0.0080981
-0.011719,0.98828,0.015625,0.032043,-0.015708,-0.0079585
-0.011719,0.98438,0.0078125,0.02583,-0.011728,-0.010192
-0.0039062,0.98438,0,0.021781,-0.0075396,-0.012636
-0.0078125,0.99219,0.0039062,0.013892,-0.002234,-0.0090754
-0.015625,0.98828,0.0078125,6.9811e-05,-0.0059339,-0.00041887
-0.0078125,0.98047,0.0039062,-0.013613,-0.016126,0.0030717
-0.015625,1,0.019531,-0.020175,-0.009983,0.010541
-0.011719,0.98047,0.0039062,-0.029041,-0.0019547,0.0086566
-0.011719,0.99219,0.015625,-0.041607,-0.0024434,0.0064924
-0.0039062,0.99219,0.023438,-0.050683,0.00097736,-0.0012566
-0.0078125,0.99609,0.042969,-0.012636,-0.004817,0.00027924
-0.0078125,0.98828,0.015625,-0.0084471,-0.0075396,-0.0019547
-0.011719,0.98828,0.023438,-0.0050264,-0.0045377,-0.0074
-0.011719,0.98828,0.019531,-0.0028623,-0.0053755,-0.010541
0,0.98438,0.015625,0.0050264,-0.0023736,-0.015219
-0.011719,0.99219,0.019531,0.015638,0.0055849,-0.020385
-0.0078125,0.98828,0.042969,0.016545,0.0062132,-0.020594
-0.011719,0.98828,0.011719,0.020175,0.0063528,-0.015987
-0.0078125,0.99219,0.0039062,0.022828,-0.0006283,-0.013892
-0.0078125,0.99219,0.054688,0.018011,-0.0065622,-0.0091453
-0.0078125,0.98047,0,0.013194,-0.014381,-0.0097736
-0.011719,0.98828,0.027344,-0.0053755,-0.011449,-0.024015
-0.0039062,0.98828,0.023438,-0.0064226,-0.0060038,-0.022758
-0.011719,0.99219,0.011719,0.0069113,-0.0033509,-0.024085
-0.015625,0.98438,0.0078125,0.010402,-0.0024434,-0.023945
0.99219,0.98438,-0.0039062,0.0033509,-0.0013962,-0.022968
-0.019531,0.97266,0.0039062,0.0010472,-0.0025132,-0.019896
-0.0078125,0.97266,0.023438,-0.015358,0.0027226,-0.026319
-0.019531,0.98828,0.011719,-0.012008,0.0018849,-0.022758
-0.011719,0.98047,0.027344,-0.0058641,0.016894,-0.011798
-0.015625,0.98438,0.0039062,-0.005166,-0.0039792,-0.0090056
-0.0078125,0.98438,0.019531,-0.00090754,-0.010541,-0.0084471
-0.0039062,0.98828,0.015625,-0.0025132,-0.013613,-0.0071207
-0.015625,0.98438,0.011719,-0.018151,-0.010891,-0.010541
-0.0039062,0.99219,0.0078125,-0.021223,-0.0046773,-0.0089358
-0.015625,0.98438,0,-0.024434,0.00076792,-0.011449
-0.011719,0.97656,0.023438,-0.0296,0.0067019,-0.019128
-0.015625,0.98828,0.023438,-0.02946,0.0050264,-0.018151
-0.019531,0.99219,0.023438,-0.022409,0.0043283,-0.018709
-0.015625,0.98047,0.019531,-0.022828,0.0055151,-0.020245
-0.011719,0.98438,0.027344,-0.017872,0.001466,-0.015987
-0.011719,0.99609,0.027344,-0.016475,-0.0046773,-0.013264
-0.0078125,0.98828,0.011719,-0.010402,-0.0053056,-0.0089358
-0.0078125,0.98828,0.023438,-6.9811e-05,-0.0086566,-0.014102
-0.015625,0.98828,0.023438,0.0041887,-0.0065622,-0.017802
-0.015625,0.98438,0.011719,0.0079585,-0.0075396,-0.012775
-0.011719,0.98828,0.023438,0.0074,-0.0047472,-0.004817
-0.015625,0.98438,0.011719,0.0083773,-0.0035604,-0.0060038
-0.015625,0.98438,0.023438,0.0076792,-0.0063528,-0.012287
-0.015625,0.98047,0.019531,0.0041887,-0.0029321,-0.016196
-0.019531,0.98828,0.039062,0.014102,-0.0049566,-0.019617
-0.015625,0.98828,0.011719,0.02234,0.0037698,-0.01857
-0.0078125,0.99219,0.019531,0.030228,0.013055,-0.030717
-0.023438,1.0039,0.046875,0.043632,0.026528,-0.036721
-0.027344,1.0156,0.078125,0.078049,0.052498,-0.030507
-0.035156,1.0156,0.054688,0.15107,0.034277,0.0078887
-0.0039062,0.99219,0.042969,0.23645,-0.03679,0.037558
-0.03125,1.0352,0.054688,0.293,-0.076862,0.053126
-0.039062,1.0625,0.046875,0.35485,-0.099341,0.087613
-0.0625,1.0195,-0.070312,0.58257,-0.13404,0.16287
-0.011719,1,0.085938,1.2814,-0.032811,0.15798
0.046875,0.97266,-0.097656,1.4162,-0.025411,0.15798
0.0078125,0.93359,-0.14453,1.5006,-0.076373,0.13885
0.042969,0.94531,-0.17188,1.438,-0.054941,0.10451
0.039062,0.92188,-0.21484,1.2514,-0.035185,0.057245
0.085938,0.94141,-0.16016,1.1052,-0.062621,0.011868
-0.0078125,0.94531,-0.24609,1.0166,-0.2472,0.00083773
-0.13281,1.0664,-0.34375,0.91885,-0.28748,-0.11784
-0.94922,1.0898,-0.375,0.88346,-0.23673,-0.29893
0.03125,0.89062,-0.31641,0.82817,-0.029111,-0.012566
-0.019531,0.82031,-0.29297,0.82531,-0.016266,0.057315
0.0078125,0.83984,-0.30859,0.67186,-0.02583,0.099202
-0.046875,0.84375,-0.36328,0.55681,-0.024085,0.12594
-0.027344,0.96875,-0.46875,0.23743,0.054173,0.031136
0.011719,0.98047,-0.46484,0.24462,0.08133,-0.012636
0.023438,0.94141,-0.39453,0.41175,0.072673,0.0083075
-0.019531,0.87891,-0.28906,0.57203,0.098294,0.057036
-1,0.8125,-0.37109,0.52526,0.067438,0.060875
0.03125,0.875,-0.44922,0.37705,0.060666,-0.0041189
0.023438,0.85938,-0.48828,0.32413,0.080353,0.040421
0.015625,0.83984,-0.48438,0.40218,0.077839,0.063528
0.011719,0.87109,-0.5,0.51374,0.079585,0.070928
0.011719,0.89062,-0.4375,0.62076,0.097596,0.074279
0,0.87891,-0.44922,0.73748,0.10171,0.086915
-0.0039062,0.80078,-0.46484,0.82782,0.057105,0.064785
0.0625,0.77734,-0.5625,0.82677,0.063319,0.045656
0.0625,0.78516,-0.64062,0.83927,0.080004,0.091802
0.070312,0.81641,-0.63281,0.99048,0.087962,0.13041
0.058594,0.80469,-0.57031,1.1964,0.028413,0.16559
0.050781,0.71094,-0.54688,1.4052,0.025621,0.22528
0.039062,0.68359,-0.54688,1.3494,0.060736,0.24078
0.027344,0.68359,-0.57812,1.2421,0.055639,0.23645
0.0625,0.65625,-0.66797,1.056,0.031275,0.17802
0.125,0.64844,-0.72266,1.0384,0.041468,0.18814
0.027344,0.625,-0.71094,1.0699,-0.00090754,0.26444
0.027344,0.64453,-0.78125,0.99076,-0.0028623,0.22291
0.089844,0.58984,-0.80078,1.0505,-0.066111,0.13739
0.10156,0.50391,-0.76562,1.1505,-0.10716,0.1235
0.10938,0.47656,-0.75391,1.1749,-0.09983,0.13634
0.12109,0.45703,-0.6875,1.1118,-0.075745,0.13592
0.16406,0.41406,-0.67188,0.94831,-0.035394,0.16098
-0.20312,0.34766,-0.62109,0.71019,0.030089,0.21879
0.10156,0.5,-0.82812,0.63039,0.001117,0.052149
0.12109,0.4375,-0.91016,0.48861,-0.1457,-0.081749
0.054688,0.47656,-0.9375,0.42257,-0.15177,-0.050613
0.085938,0.47266,-0.92969,0.41398,-0.085868,-0.02967
0.10938,0.4375,-0.87891,0.40937,-0.0095641,-0.014032
0.078125,0.38672,-0.85547,0.41956,0.0057943,-0.016475
0.125,0.40625,-0.8125,0.56938,0.013404,-0.20294
0.14453,0.35938,-0.78906,0.64094,0.052009,-0.11351
0.11328,0.33984,-0.85156,0.61888,-0.0006283,-0.034836
0.085938,0.35156,-0.82422,0.60498,-0.067856,0.011868
0.070312,0.38672,-0.92969,0.62474,-0.11351,0.063877
0.070312,0.25,-0.89062,0.62069,-0.016685,0.10604
0.074219,0.26172,-0.92969,0.55856,-0.018081,0.085937
-0.17969,0.058594,-1.0625,0.50697,-0.044889,0.073302
0.035156,0.14062,-0.88281,0.54208,-0.044539,-0.17872
0.074219,0.25781,-0.98047,0.52519,-0.32274,-0.61566
0.082031,0.30859,-0.94141,0.49573,-0.32246,-0.60149
0.11328,0.29688,-0.84766,0.52903,-0.25055,-0.47911
0.15234,0.22656,-0.96094,0.65287,-0.27045,-0.38592
0.011719,0.24219,-0.99219,0.5735,-0.3101,-0.3589
0.0078125,0.14844,-0.91016,0.43604,-0.13704,-0.22458
0.023438,0.10938,-0.88281,0.35073,0.013613,-0.20678
0.023438,0.097656,-0.84375,0.23973,0.046913,-0.23261
0.0078125,0.0625,-0.76953,0.25181,-0.032392,-0.27694
0.027344,0.085938,-0.64453,0.38068,-0.16392,-0.34026
-0.042969,0.10547,-0.99609,0.64764,-0.37195,-0.43632
0.039062,0.16016,-1.043,0.70314,-0.24608,-0.43046
0.046875,0.089844,-0.97656,0.5839,-0.10465,-0.19973
0.0078125,0.070312,-0.93359,0.3982,-0.11414,-0.092081
-0.015625,0.054688,-1.0078,0.32113,-0.17627,-0.017034
-0.10547,0.03125,-1.0703,0.302,-0.23359,0.0081679
-0.070312,0.0078125,-1.9336,0.24853,-0.014311,0.0065622
-0.039062,0.0078125,-0.98828,0.065692,-0.027645,-0.071766
-0.03125,0.042969,-0.99609,0.017732,0.00090754,-0.096619
-0.035156,0.12891,-0.94922,0.1036,0.044121,-0.17557
-0.082031,0.023438,-1.0039,0.11875,0.037558,-0.072394
-0.027344,0.019531,-0.93359,0.39492,0.028274,-0.021502
-0.039062,0.0039062,-0.92578,0.47702,0.011728,0.030438
0.011719,-0.011719,-0.97656,0.53692,0.0080283,0.029809
-0.035156,-0.011719,-1.0586,0.48623,-0.035185,-0.015847
-0.019531,-0.027344,-0.98438,0.32197,0.0012566,-0.032881
-0.015625,-0.027344,-0.96875,0.16119,0.054453,-0.044819
-0.019531,-0.019531,-0.96484,0.041328,0.068485,-0.045377
-0.0078125,-0.023438,-0.95703,0.0067717,0.074768,-0.056756
-0.011719,-0.011719,-0.95312,-0.0030019,0.089987,-0.064855
-0.035156,-0.03125,-0.97656,-0.016266,0.11861,-0.056547
-0.03125,-0.015625,-0.95703,-0.015917,0.14793,-0.041817
-0.015625,-0.015625,-0.96094,-0.015428,0.16734,-0.019338
0.99219,-0.019531,-0.95312,-0.031136,0.20476,-0.013474
0,-0.015625,-0.94141,-0.05899,0.27513,-0.0333
0.0078125,0,-0.94922,-0.082168,0.31534,-0.033789
0.015625,-0.027344,-0.97266,-0.034836,0.20085,-0.019128
0.011719,-0.011719,-0.93359,-0.016545,0.17606,-0.021851
0.027344,-0.0078125,-0.089844,0.016894,0.20664,-0.058502
0.027344,-0.066406,-0.96484,0.090894,0.22228,-0.046843
0.09375,-0.023438,-0.89062,-0.09222,0.2826,-0.14479
0.03125,-0.03125,-0.96094,-0.0066321,0.38557,-0.095222
0.085938,0,-0.94922,-0.1198,0.58439,-0.11149
0.23828,-0.019531,-0.94922,-0.12761,0.20308,-0.063388
0.09375,0.027344,-0.94922,0.069951,-0.068764,-0.024574
0.074219,-0.042969,-0.87109,0.18842,-0.10095,-0.014521
0.0625,-0.035156,-0.95312,0.044679,-0.078049,-0.016755
0.074219,-0.035156,-0.96094,0.013404,-0.060177,-0.016824
0.074219,-0.039062,-0.95703,0.0074698,-0.057455,-0.028972
0.070312,-0.027344,-0.95703,0.010192,-0.064505,-0.039653
0.070312,-0.027344,-0.96094,-0.0030019,-0.057245,-0.048728
0.070312,-0.039062,-0.97266,-0.005166,-0.058921,-0.040351
0.074219,-0.0078125,-0.96094,-0.0064226,-0.058711,-0.030996
0.074219,-0.035156,-0.94922,-0.0082377,-0.053056,-0.019407
0.066406,-0.027344,-0.94531,-0.0050264,-0.056407,-0.012426
0.0625,-0.039062,-0.94922,-0.009983,-0.063109,-0.0095641
0.058594,-0.03125,-0.94922,-0.0087264,-0.068555,-0.01473
0.054688,-0.046875,-0.94531,-0.020524,-0.083075,-0.032323
0.066406,-0.050781,-0.84766,-0.027226,-0.094664,-0.053336
0.5,0.015625,0.33203,-0.041956,-0.14458,-0.073511
-0.058594,0.085938,-1.2148,-0.16811,-0.80227,-0.037489
0.070312,0.0039062,-0.82031,-0.11638,-1.2454,-0.026458
0.039062,-0.019531,-0.88672,-0.0076094,-0.22472,-0.0011868
0.0039062,-0.011719,-0.95312,-0.010891,-0.042515,-0.0057943
0.0078125,0.0078125,-0.95703,-0.0043283,-0.01466,-0.004049
0.0039062,0,-0.94141,-0.0044679,-0.016755,-0.0020943
0.039062,-0.0078125,-0.98438,-0.0045377,-0.01117,-0.0060038
0,-0.011719,-0.97656,0.0012566,-0.00069811,-0.013474
0.0078125,-0.023438,-0.91797,0.0027924,-0.027296,-0.011798
0.0039062,-0.019531,-0.95312,0.0011868,-0.01473,-0.01103
0.0039062,-0.011719,-0.95703,-0.0023736,-0.01843,-0.0063528
-0.0039062,-0.0078125,-0.94531,-0.0025132,-0.027296,-0.0071905
-0.046875,0.03125,-0.97656,-0.016196,-0.054034,0.044679
-0.023438,0.011719,-0.94141,-0.0013962,-0.017802,0.23889
-0.019531,0,-0.94922,-0.0018849,-0.025621,0.34731
